{
  "hospital_name": "West Mercy Hospital",
  "last_updated_on": "2024-07-01",
  "version": "2.0.0",
  "hospital_location": [
    "West Mercy Hospital",
    "West Mercy Surgical Center"
  ],
  "hospital_address": [
    "12 Main Street, Fullerton, CA  92832",
    "23 Ocean Ave, San Jose, CA 94088"
  ],
  "license_information": {
    "license_number": "50056",
    "state": "CA"
  },
  "affirmation": {
    "affirmation": "To the best of its knowledge and belief, the hospital has included all applicable standard charge information in accordance with the requirements of 45 CFR 180.50, and the information encoded is true, accurate, and complete as of the date indicated.",
    "confirm_affirmation": true
  },
  "standard_charge_information": [
    {
      "description": "Major hip and knee joint replacement or reattachment of lower extremity without mcc",
      "code_information": [
        {
          "code": "470",
          "type": "MS-DRG"
        },
        {
          "code": "175869",
          "type": "LOCAL"
        }
      ],
      "standard_charges": [
        {
          "minimum": 20000,
          "maximum": 20000,
          "setting": "inpatient",
          "payers_information": [
            {
              "payer_name": "Platform Health Insurance",
              "plan_name": "PPO",
              "standard_charge_dollar": 20000,
              "standard_charge_algorithm": "MS-DRG",
              "estimated_amount": 22243.34,
              "methodology": "case rate"
            },
            {
              "payer_name": "Platform Health Insurance",
              "plan_name": "PPO",
              "standard_charge_dollar": 20000,
              "standard_charge_algorithm": "https://www.cms.gov/Outreach-and-Education/Medicare-Learning-Network-MLN/MLNProducts/html/images/OP.jpg",
              "estimated_amount": 22243.34,
              "methodology": "case rate"
            },
            {
              "payer_name": "Platform Health Insurance",
              "plan_name": "PPO",
              "standard_charge_dollar": 20000,
              "standard_charge_algorithm": "The adjusted base payment rate indicated in the standard_charge|negotiated_dollar data element may be further adjusted for additional factors including transfers and outliers.",
              "estimated_amount": 22243.34,
              "methodology": "case rate"
            },
            {
              "payer_name": "Region Health Insurance",
              "plan_name": "HMO",
              "standard_charge_percentage": 50,
              "estimated_amount": 23145.98,
              "methodology": "percent of total billed charges"
            }
          ]
        }
      ]
    },
    {
      "description": "Evaluation of hearing function to determine candidacy for, or postoperative status of, surgically implanted hearing device; first hour",
      "code_information": [
        {
          "code": "92626",
          "type": "CPT"
        }
      ],
      "standard_charges": [
        {
          "setting": "outpatient",
          "gross_charge": 150,
          "discounted_cash": 125,
          "minimum": 98.98,
          "maximum": 98.98,
          "payers_information": [
            {
              "payer_name": "Platform Health Insurance",
              "plan_name": "PPO",
              "standard_charge_dollar": 98.98,
              "methodology": "fee schedule",
              "additional_payer_notes": "110% of the Medicare fee schedule"
            },
            {
              "payer_name": "Region Health Insurance",
              "plan_name": "HMO",
              "standard_charge_percentage": 115,
              "estimated_amount": 105.34,
              "methodology": "fee schedule",
              "additional_payer_notes": "115% of the state's workers' compensation amount"
            }
          ]
        }
      ]
    },
    {
      "description": "Behavioral health; residential (hospital residential treatment program), without room and board, per diem",
      "code_information": [
        {
          "code": "H0017",
          "type": "HCPCS"
        }
      ],
      "standard_charges": [
        {
          "gross_charge": 2500,
          "discounted_cash": 2250,
          "minimum": 1200,
          "maximum": 2000,
          "setting": "inpatient",
          "payers_information": [
            {
              "payer_name": "Platform Health Insurance",
              "plan_name": "PPO",
              "standard_charge_dollar": 1500,
              "methodology": "per diem"
            },
            {
              "payer_name": "Region Health Insurance",
              "plan_name": "HMO",
              "standard_charge_dollar": 2000,
              "methodology": "per diem",
              "additional_payer_notes": "per diem, days 1-3"
            },
            {
              "payer_name": "Region Health Insurance",
              "plan_name": "HMO",
              "standard_charge_dollar": 1800,
              "methodology": "per diem",
              "additional_payer_notes": "per diem, days 4-5"
            },
            {
              "payer_name": "Region Health Insurance",
              "plan_name": "HMO",
              "standard_charge_dollar": 1200,
              "methodology": "per diem",
              "additional_payer_notes": "per diem, days 6+"
            }
          ]
        }
      ]
    },
    {
      "description": "Treatment or observation room — observation room",
      "code_information": [
        {
          "code": "762",
          "type": "RC"
        }
      ],
      "standard_charges": [
        {
          "gross_charge": 13000,
          "discounted_cash": 12000,
          "minimum": 8000,
          "maximum": 10000,
          "setting": "outpatient",
          "payers_information": [
            {
              "payer_name": "Platform Health Insurance",
              "plan_name": "PPO",
              "standard_charge_dollar": 8000,
              "methodology": "case rate",
              "additional_payer_notes": "Negotiated standard charge without surgery and without rule out myocardial infarction"
            },
            {
              "payer_name": "Platform Health Insurance",
              "plan_name": "PPO",
              "standard_charge_dollar": 10000,
              "methodology": "case rate",
              "additional_payer_notes": "Negotiated standard charge without surgery and with rule out myocardial infarction"
            },
            {
              "payer_name": "Region Health Insurance",
              "plan_name": "HMO",
              "standard_charge_dollar": 9000,
              "methodology": "case rate"
            }
          ]
        }
      ]
    },
    {
      "description": "Aspirin 81 milligram chewable tablet",
      "drug_information": {
        "unit": "1",
        "type": "UN"
      },
      "code_information": [
        {
          "code": "10135-0729-62",
          "type": "NDC"
        }
      ],
      "standard_charges": [
        {
          "gross_charge": 2,
          "discounted_cash": 1.5,
          "minimum": 0.75,
          "maximum": 0.95,
          "setting": "both",
          "payers_information": [
            {
              "payer_name": "Platform Health Insurance",
              "plan_name": "PPO",
              "standard_charge_dollar": 0.75,
              "methodology": "fee schedule"
            },
            {
              "payer_name": "Region Health Insurance",
              "plan_name": "HMO",
              "standard_charge_dollar": 0.95,
              "methodology": "fee schedule"
            }
          ]
        }
      ]
    },
    {
      "description": "Mexiletine hydrochloride 150 milligram capsule",
      "drug_information": {
        "unit": "1",
        "type": "UN"
      },
      "code_information": [
        {
          "code": "0093-8739-01",
          "type": "NDC"
        }
      ],
      "standard_charges": [
        {
          "gross_charge": 5,
          "discounted_cash": 4,
          "minimum": 3,
          "maximum": 3,
          "setting": "both",
          "payers_information": [
            {
              "payer_name": "Platform Health Insurance",
              "plan_name": "PPO",
              "standard_charge_dollar": 3,
              "methodology": "fee schedule"
            }
          ]
        }
      ]
    },
    {
      "description": "Mexiletine hydrochloride 150 milligram capsules, 100 capsules per bottle, 1 bottle",
      "drug_information": {
        "unit": "1",
        "type": "EA"
      },
      "code_information": [
        {
          "code": "0093-8739-01",
          "type": "NDC"
        }
      ],
      "standard_charges": [
        {
          "gross_charge": 500,
          "discounted_cash": 400,
          "minimum": 350,
          "maximum": 350,
          "setting": "both",
          "payers_information": [
            {
              "payer_name": "Region Health Insurance",
              "plan_name": "HMO",
              "standard_charge_dollar": 350,
              "methodology": "fee schedule"
            }
          ]
        }
      ]
    },
    {
      "description": "Fluconazole 2 milligrams/milliliter",
      "drug_information": {
        "unit": "100",
        "type": "ML"
      },
      "code_information": [
        {
          "code": "J1450",
          "type": "HCPCS"
        },
        {
          "code": "25021-0184-82",
          "type": "NDC"
        }
      ],
      "standard_charges": [
        {
          "gross_charge": 75,
          "discounted_cash": 45,
          "minimum": 35,
          "maximum": 37,
          "setting": "both",
          "payers_information": [
            {
              "payer_name": "Platform Health Insurance",
              "plan_name": "PPO",
              "standard_charge_dollar": 35,
              "methodology": "fee schedule"
            },
            {
              "payer_name": "Region Health Insurance",
              "plan_name": "HMO",
              "standard_charge_dollar": 37,
              "methodology": "fee schedule"
            }
          ]
        }
      ]
    },
    {
      "description": "Kit for preparation of tc-99m tetrosfomin injection, 100 millicurie",
      "drug_information": {
        "unit": "1",
        "type": "EA"
      },
      "code_information": [
        {
          "code": "17156-0026-30",
          "type": "NDC"
        }
      ],
      "standard_charges": [
        {
          "gross_charge": 515,
          "discounted_cash": 450,
          "minimum": 265,
          "maximum": 355,
          "setting": "both",
          "payers_information": [
            {
              "payer_name": "Platform Health Insurance",
              "plan_name": "PPO",
              "standard_charge_dollar": 265,
              "methodology": "fee schedule"
            },
            {
              "payer_name": "Region Health Insurance",
              "plan_name": "HMO",
              "standard_charge_dollar": 355,
              "methodology": "fee schedule"
            }
          ]
        }
      ]
    },
    {
      "description": "Permethrin 5% cream",
      "drug_information": {
        "unit": "60",
        "type": "GM"
      },
      "code_information": [
        {
          "code": "45802-0269-37",
          "type": "NDC"
        }
      ],
      "standard_charges": [
        {
          "gross_charge": 120,
          "discounted_cash": 75,
          "minimum": 65,
          "maximum": 70,
          "setting": "both",
          "payers_information": [
            {
              "payer_name": "Platform Health Insurance",
              "plan_name": "PPO",
              "standard_charge_dollar": 70,
              "methodology": "fee schedule"
            },
            {
              "payer_name": "Region Health Insurance",
              "plan_name": "HMO",
              "standard_charge_dollar": 65,
              "methodology": "fee schedule"
            }
          ]
        }
      ]
    },
    {
      "description": "Cyanocobalamin 1000 micrograms/milliliter injection solution",
      "drug_information": {
        "unit": "1",
        "type": "ML"
      },
      "code_information": [
        {
          "code": "J3420",
          "type": "HCPCS"
        },
        {
          "code": "63323-0044-01",
          "type": "NDC"
        }
      ],
      "standard_charges": [
        {
          "gross_charge": 30,
          "discounted_cash": 25,
          "minimum": 8,
          "maximum": 15,
          "setting": "both",
          "payers_information": [
            {
              "payer_name": "Platform Health Insurance",
              "plan_name": "PPO",
              "standard_charge_dollar": 8,
              "methodology": "fee schedule"
            },
            {
              "payer_name": "Region Health Insurance",
              "plan_name": "HMO",
              "standard_charge_dollar": 15,
              "methodology": "fee schedule"
            }
          ]
        }
      ]
    }
  ],
  "modifier_information": [
    {
      "description": "Bilateral procedure",
      "code": "50",
      "modifier_payer_information": [
        {
          "payer_name": "Platform Health Insurance",
          "plan_name": "PPO",
          "description": "150% payment adjustment for the item or service to which the modifier is appended"
        },
        {
          "payer_name": "Region Health Insurance",
          "plan_name": "HMO",
          "description": "145% payment adjustment for the item or service to which the modifier is appended"
        }
      ]
    },
    {
      "description": "Co-surgeon",
      "code": "62",
      "modifier_payer_information": [
        {
          "payer_name": "Platform Health Insurance",
          "plan_name": "PPO",
          "description": "62.5% of the amount for the item or service to which this modifier is appended for each co-surgeon"
        },
        {
          "payer_name": "Region Health Insurance",
          "plan_name": "HMO",
          "description": "60% of the amount for the item or service to which this modifier is appended for each co-surgeon"
        }
      ]
    },
    {
      "description": "Bilateral procedure with co-surgeon",
      "code": "50|62",
      "modifier_payer_information": [
        {
          "payer_name": "Platform Health Insurance",
          "plan_name": "PPO",
          "description": "93.75% of the amount for the item or service to which this combination of modifiers is appended for each co-surgeon"
        },
        {
          "payer_name": "Region Health Insurance",
          "plan_name": "HMO",
          "description": "87% of the amount for the item or service to which this combination of modifiers is appended for each co-surgeon"
        }
      ]
    }
  ],
  "general_contract_provisions": [
    {
      "payer_name": "Platform Health Insurance",
      "plan_name": "PPO",
      "provision": "When total claim charges exceed $200,000.00 for a Platform Health Insurance plan, the entire claim will be reimbursed at 50% of charges. This amount will supersede any other contracted rate that would otherwise apply."
    },
    {
      "payer_name": "Region Health Insurance",
      "plan_name": "HMO",
      "provision": "When total claim charges exceed $250,000.00 for a Region Health Insurance plan, the entire claim will be reimbursed at 45% of charges. This amount will supersede any other contracted rate that would otherwise apply."
    }
  ]
}